job_id,Compressor_Name,MSE_v3,PSNR_v3
error_analysis_0_4_0,fqzcomp_-Q_10,93.94363765175171,12.312526098883625
error_analysis_0_3_0,fqzcomp_-Q_8,62.120303905392674,14.10886410935653
error_analysis_0_5_0,fqzcomp_-Q_15,211.46310481620264,8.788853781907068
error_analysis_0_0_0,fqzcomp_-Q_1,1.0000599169136604,32.04093961850485
error_analysis_0_1_0,fqzcomp_-Q_2,4.0,26.020599913279625
error_analysis_0_2_0,fqzcomp_-Q_5,24.999580581604377,18.061872600887988
error_analysis_0_6_0,fqzcomp_-Q_20,377.7163755332774,6.269541689971167
