job_id,Compressor_Name,MSE_v3,PSNR_v3
error_analysis_0_0_1,fqzcomp_-Q_1,1.00001976,32.04111401081748
error_analysis_0_1_1,fqzcomp_-Q_2,4.0,26.020599913279625
error_analysis_0_2_1,fqzcomp_-Q_5,24.99986168,18.06182376855044
error_analysis_0_3_1,fqzcomp_-Q_8,61.748872,14.134909541436556
error_analysis_0_4_1,fqzcomp_-Q_10,92.22703776,12.392617228975398
error_analysis_0_5_1,fqzcomp_-Q_15,207.66871992,8.867488967572635
error_analysis_0_6_1,fqzcomp_-Q_20,371.26455264,6.344364967417513
