job_id,Compressor_Name,MSE_v3,PSNR_v3
error_analysis_0_4_1,fqzcomp_-Q_10,92.51038353294666,12.379295011820373
error_analysis_0_2_1,fqzcomp_-Q_5,24.999686327109988,18.06185423074282
error_analysis_0_3_1,fqzcomp_-Q_8,61.78718448758514,14.132215768791912
error_analysis_0_5_1,fqzcomp_-Q_15,208.31167113451258,8.854063796917567
error_analysis_0_0_1,fqzcomp_-Q_1,1.000044810412859,32.04100522176901
error_analysis_0_1_1,fqzcomp_-Q_2,4.0,26.020599913279625
error_analysis_0_6_1,fqzcomp_-Q_20,372.3685377410267,6.331470033183983
